ID,Name
2,20190423200350-hurried_familiar
3,20190514173620-unable_letters
4,20190405165831-fork_military
5,20190404140940-owe_late
6,20190314011735-battle_panicky
7,20190228001414-sparkle_hurt
8,20190220013414-avoid_system
9,20181227151539-kenniavelazquezc_10.8.0.45
10,20181217015948-alfonso.florestrujillo_10.8.0.33
11,20190408174051-rigid_melted
12,20190419105500-self_billowy
13,20190423195230-pie_ordinary
14,20190425164110-peaceful_ripe
15,20190513041020-sheet_annoyed
16,20190517211430-green_doubt
17,20190529060721-horse_same
18,20181227154718-arnoldocuellar60_10.8.0.49
19,20190429172900-cute_men
20,20190702015621-business_dime
21,20190717223549-consider_charming
22,robert.netuka-20180807133221_10.8.0.57
23,hanafrank-20180807133314_10.8.0.65
24,makovcova.alena-20180807133042_10.8.0.41
25,anissadeudon-20180807133041_10.8.0.37
26,petanovak78-20180825144451_10.8.0.101
27,enrico.calandro-20180904121401_10.8.0.113
28,martha.sanchez-20180928233914_10.8.0.41
29,elmer.ros92-20181006231554_10.8.0.57
30,annafingl-20181012070054_10.8.0.73
31,periodistagodoy-20181101193144_10.8.0.85
32,fersantillanglez-20181204173249_10.8.0.41
33,fersantillanglez-20181204173249_10.8.0.41-smaller
34,r.riquelmeg-20181203163659_10.8.0.37
35,20190727041310-volcano_license
36,20190903163937-attempt_deranged
37,20190926193816-colossal_vanish
38,20191024032656-joke_flow
39,20191024050406-wave_beef
40,20191025185826-cross_defeated
41,20191024010527-scene_meaty
42,20191024020107-oven_bless
43,20190903170956-head_hand
44,20191024193257-file_jolly
45,20191024195807-spray_ludicrous
46,20191025161957-unpack_advice
47,20191025173326-billowy_polite
48,20191026230757-peep_hot
49,20191030202907-knit_crib
50,20191024155936-deer_odd
51,jacobo-20180919164451_10.8.0.137
52,mangustik-20180918092753_10.8.0.133
53,anna.zamberova-20181012064554_10.8.0.69
54,jacobo-20180919164451_10.8.0.137
55,tomas.knezek-20180807133221_10.8.0.61
56,zdenka.streblova-20180807133541_10.8.0.69
57,martin.rozumek-20180807133131_10.8.0.53
58,aneta.subrt-20180807133131_10.8.0.49
59,sutekrastislav-20180807133043_10.8.0.45
60,20191030224706-rhetorical_include
61,20191128120932-degree_man
62,20191130000001-vest_wiry
63,20191203225451-ask_overjoyed
64,20200104171947-lake_versed
65,20200105203646-ignore_part
66,20200108103816-wandering_bolt
